"id","first_name","last_name","birth_date","joined_date","salary","email","department","phone_number","status"
"E00013","Elena","Vang","1981-12-21","2019-02-19","79785","elena.vang@gmail.com","Finance","9108827949","ACTIVE"
"E00085","Isla","Wong","1988-06-30","2014-03-16","137995","isla.wong@gmail.com","Accounting","9093691163","ACTIVE"
"E00105","Isla","Espinoza","1989-03-13","2021-11-16","86299","isla.espinoza@gmail.com","Accounting","9582340090","RETIRED"
"E00128","Everleigh","Espinoza","1980-01-29","2018-01-22","48340","everleigh.espinoza@gmail.com","Human Resources","9410555716","ACTIVE"
"E00130","Paisley","Kang","1985-06-02","2017-03-10","67686","paisley.kang@gmail.com","Human Resources","9934265888","RETIRED"
"E00154","Wyatt","Chin","1988-12-02","2004-06-07","99354","wyatt.chin@gmail.com","Engineering","9412060451","ACTIVE"
"E00163","Bella","Powell","1988-05-17","2002-03-04","154828","bella.powell@gmail.com","Finance","9687387822","ACTIVE"
"E00170","Hannah","Nelson","1984-12-09","2019-09-07","205314","hannah.nelson@gmail.com","Marketing","9235716517","ACTIVE"
"E00233","Luna","Liu","1982-01-02","2014-02-22","91954","brooklyn.reyes@gmail.com","Sales","9380831667","ACTIVE"
"E00254","Samuel","Morales","1985-05-18","2015-06-27","141899","samuel.morales@gmail.com","Finance","9802457624","RETIRED"
"E00304","Dylan","Choi","1983-06-07","2012-05-11","54775","dylan.choi@gmail.com","IT","9999732894","RETIRED"
"E00306","Mateo","Williams","1981-06-21","2011-01-22","211291","mateo.williams@gmail.com","IT","9077695880","RETIRED"
"E00386","Parker","James","1987-12-29","2005-02-05","189702","parker.james@gmail.com","Engineering","9218249110","RETIRED"
"E00402","Dominic","Guzman","1983-12-06","2004-05-16","66521","dominic.guzman@gmail.com","Finance","9011818297","RETIRED"
"E00415","Leilani","Butler","1990-02-26","2021-09-21","125633","leilani.butler@gmail.com","Marketing","9827418240","ACTIVE"
"E00416","Everleigh","Fernandez","1987-08-29","2016-05-22","180664","everleigh.fernandez@gmail.com","Engineering","9797563249","RETIRED"
"E00417","Athena","Carrillo","1980-11-04","2006-04-06","90304","athena.carrillo@gmail.com","Finance","9746583901","ACTIVE"
"E00430","Eliza","Hernandez","1988-07-10","2019-07-04","84596","eliza.hernandez@gmail.com","IT","9022172405","RETIRED"
"E00431","Skylar","Doan","1988-04-14","1994-08-21","110054","skylar.doan@gmail.com","Human Resources","9709526303","ACTIVE"
"E00436","Everly","Walker","1981-05-21","2009-10-23","120341","everly.walker@gmail.com","Human Resources","9077262862","RETIRED"
"E00440","Jack","Huynh","1984-04-18","2018-09-25","140402","jack.huynh@gmail.com","Marketing","9950063766","RETIRED"
"E00443","Nolan","Bui","1988-07-10","2020-05-26","219693","nolan.bui@gmail.com","IT","9138774684","ACTIVE"
"E00502","Natalia","Salazar","1981-07-11","2019-01-02","92753","natalia.salazar@gmail.com","Accounting","9998532037","ACTIVE"
"E00521","Lily","Carter","1987-05-30","1998-05-18","75819","lily.carter@gmail.com","IT","9119939152","ACTIVE"
"E00527","Mateo","Chu","1981-07-23","2020-04-16","225558","mateo.chu@gmail.com","Engineering","9960102347","ACTIVE"
"E00530","Eli","Jones","1982-08-15","1999-03-14","146742","eli.jones@gmail.com","Human Resources","9119701857","ACTIVE"
"E00535","Nathan","Mendez","1981-07-27","2006-10-31","129708","maria.griffin@gmail.com","IT","9019200979","ACTIVE"
"E00549","Isabella","Xi","1987-02-14","2013-03-13","175837","isabella.xi@gmail.com","Marketing","9923693732","ACTIVE"
"E00568","Ava","Garza","1980-12-11","2018-06-25","120128","nathan.mendez@gmail.com","Accounting","9279903976","ACTIVE"
"E00586","Sadie","Washington","1983-05-22","2019-05-24","92952","sadie.washington@gmail.com","Marketing","9593999728","ACTIVE"
"E00591","Savannah","Ali","1984-03-19","2009-02-11","109851","savannah.ali@gmail.com","Human Resources","9377092850","RETIRED"
"E00595","Everly","Chow","1984-06-14","2018-04-21","59817","everly.chow@gmail.com","Finance","9312956837","RETIRED"
"E00644","Joshua","Gupta","1980-07-03","2017-01-24","119746","joshua.gupta@gmail.com","Sales","9038421345","ACTIVE"
"E00665","David","Chu","1981-03-15","1998-09-03","206624","david.chu@gmail.com","Engineering","9722047020","RETIRED"
"E00671","Leonardo","Dixon","1990-11-13","2019-09-05","207172","leonardo.dixon@gmail.com","Sales","9059644889","ACTIVE"
"E00672","Mila","Pena","1981-12-06","2007-12-21","94790","mason.zhao@gmail.com","Human Resources","9844344488","ACTIVE"
"E00691","Ezekiel","Desai","1990-08-28","2003-01-15","95372","ezekiel.desai@gmail.com","Finance","9528308834","ACTIVE"
"E00699","Ava","Ayala","1982-04-17","2006-08-16","74691","ava.ayala@gmail.com","IT","9388363585","ACTIVE"
"E00716","John","Chow","1985-11-17","2021-03-11","159044","john.chow@gmail.com","Marketing","9680577794","ACTIVE"
"E00752","Nolan","Pena","1981-03-17","2018-06-21","218530","luna.liu@gmail.com","Marketing","9587496867","ACTIVE"
"E00769","Ayla","Ng","1990-01-06","2004-03-20","95061","jose.kang@gmail.com","Sales","9760153899","ACTIVE"
"E00791","Thomas","Padilla","1990-06-24","2003-07-26","53215","thomas.padilla@gmail.com","Marketing","9156285673","RETIRED"
"E00816","Skylar","Watson","1983-01-23","2021-10-08","69453","skylar.watson@gmail.com","IT","9069154437","ACTIVE"
"E00874","Alexander","Choi","1985-11-13","1994-09-18","249686","maria.hong@gmail.com","Marketing","9652430976","ACTIVE"
"E00884","Camila","Silva","1985-09-27","2003-12-01","186503","camila.silva@gmail.com","Marketing","9193795363","ACTIVE"
"E00935","Joseph","Martin","1984-03-31","2016-09-13","116878","joseph.martin@gmail.com","Marketing","9591682128","RETIRED"
"E00941","Sophie","Ali","1990-11-01","2002-03-28","100099","julian.ross@gmail.com","Finance","9786869129","ACTIVE"
"E00957","Genesis","Perry","1989-04-07","2013-07-18","88758","genesis.perry@gmail.com","Sales","9721749143","RETIRED"
"E00972","Amelia","Salazar","1987-11-14","2019-04-23","55854","amelia.salazar@gmail.com","Finance","9822108807","RETIRED"
"E01002","Jaxson","Wright","1980-05-12","2010-12-28","127543","elias.ali@gmail.com","IT","9074241559","ACTIVE"
"E01037","Jeremiah","Chu","1981-09-01","2020-09-12","49404","miles.cho@gmail.com","IT","9663184625","RETIRED"
"E01095","Isla","Lai","1980-09-01","2011-12-06","128984","isla.lai@gmail.com","Finance","9052031614","ACTIVE"
"E01141","Gianna","Williams","1990-09-27","2021-01-28","90855","gianna.williams@gmail.com","Engineering","9609616810","ACTIVE"
"E01194","Samantha","Adams","1980-03-15","2013-04-22","74546","samantha.adams@gmail.com","Engineering","9212279588","ACTIVE"
"E01234","Jack","Cheng","1987-12-30","2014-01-16","69803","jack.cheng@gmail.com","Human Resources","9838391251","RETIRED"
"E01249","Penelope","Guerrero","1982-01-04","2009-08-04","78844","penelope.guerrero@gmail.com","IT","9344347090","RETIRED"
"E01258","Gabriel","Brooks","1982-12-14","2018-12-10","114441","gabriel.brooks@gmail.com","IT","9445498583","RETIRED"
"E01261","Connor","Simmons","1981-05-22","2007-04-05","159571","connor.simmons@gmail.com","Accounting","9007676581","ACTIVE"
"E01361","Emma","Hill","1990-07-20","2016-12-27","70996","leilani.yee@gmail.com","IT","9896537806","ACTIVE"
"E01388","Ivy","Soto","1980-09-09","1997-10-23","96475","ivy.soto@gmail.com","Engineering","9482013762","ACTIVE"
"E01417","Leah","Pena","1983-04-19","1994-01-03","86317","leah.pena@gmail.com","IT","9171158223","ACTIVE"
"E01425","Anthony","Rogers","1983-12-29","2015-06-18","196951","anthony.rogers@gmail.com","Engineering","9894838582","RETIRED"
"E01427","Mia","Cheng","1989-10-16","2015-04-22","247022","mia.cheng@gmail.com","Sales","9665790851","ACTIVE"
"E01490","Jade","Rojas","1982-12-10","2019-01-28","109812","jade.rojas@gmail.com","Finance","9620526009","RETIRED"
"E01499","Elias","Zhang","1980-08-02","2013-07-13","68268","elias.zhang@gmail.com","IT","9410186580","ACTIVE"
"E01501","Hudson","Liu","1983-01-21","2017-11-16","95786","hudson.liu@gmail.com","Engineering","9404608538","ACTIVE"
"E01516","Willow","Mai","1983-02-24","2003-12-17","152214","willow.mai@gmail.com","Human Resources","9594992852","RETIRED"
"E01525","Jose","Ross","1987-04-01","1992-04-08","70505","jose.ross@gmail.com","Engineering","9802888980","RETIRED"
"E01533","Avery","Bailey","1980-12-13","1996-05-15","74552","avery.bailey@gmail.com","Sales","9312197055","ACTIVE"
"E01540","Miles","Salazar","1987-06-03","2010-12-23","86858","miles.salazar@gmail.com","IT","9586703974","RETIRED"
"E01546","Maria","Hong","1984-06-07","2005-07-31","50475","sophie.ali@gmail.com","Finance","9438681616","ACTIVE"
"E01550","Ruby","Barnes","1981-04-01","2020-07-01","41336","ruby.barnes@gmail.com","IT","9102552622","ACTIVE"
"E01584","Eli","Soto","1983-01-12","2016-05-02","125828","carter.mejia@gmail.com","Marketing","9367442150","RETIRED"
"E01628","Jackson","Perry","1985-03-14","2019-10-20","78940","jackson.perry@gmail.com","Marketing","9698242696","ACTIVE"
"E01631","Leilani","Yee","1987-01-27","2017-07-12","40752","jack.brown@gmail.com","Marketing","9997479216","RETIRED"
"E01633","Addison","Do","1988-10-08","2001-05-30","59067","addison.do@gmail.com","Engineering","9294296564","ACTIVE"
"E01639","Austin","Vo","1982-10-18","1995-11-20","50994","austin.vo@gmail.com","Finance","9765158337","ACTIVE"
"E01642","Mia","Lam","1989-10-09","2006-04-18","71699","mia.lam@gmail.com","IT","9506527350","ACTIVE"
"E01713","Nolan","Guzman","1983-07-19","1999-06-20","176294","nolan.guzman@gmail.com","Engineering","9568765842","ACTIVE"
"E01754","Owen","Lam","1985-10-06","2017-05-29","113135","owen.lam@gmail.com","Human Resources","9223502722","ACTIVE"
"E01797","Piper","Lewis","1989-01-30","2018-12-22","102043","piper.lewis@gmail.com","Engineering","9717136619","ACTIVE"
"E01839","Stella","Alexander","1990-11-01","2005-12-10","90678","stella.alexander@gmail.com","Engineering","9538175163","ACTIVE"
"E01848","Zoey","Jackson","1983-12-27","2008-08-21","135062","zoey.jackson@gmail.com","Human Resources","9825898314","ACTIVE"
"E01994","Angel","Powell","1989-06-19","2008-07-11","59100","angel.powell@gmail.com","Sales","9053593655","RETIRED"
"E02017","Connor","Joseph","1986-09-15","1998-07-22","134486","connor.joseph@gmail.com","Human Resources","9588848388","ACTIVE"
"E02071","Mateo","Her","1982-01-24","2014-03-02","152239","mateo.her@gmail.com","Sales","9842942495","ACTIVE"
"E02074","Nora","Brown","1983-07-28","2014-02-11","99989","nora.brown@gmail.com","IT","9490737808","ACTIVE"
"E02094","Matthew","Gupta","1985-05-12","2005-09-18","86431","matthew.gupta@gmail.com","IT","9084578650","RETIRED"
"E02112","Christian","Sanders","1985-09-02","2013-08-07","48906","christian.sanders@gmail.com","Human Resources","9701210254","ACTIVE"
"E02139","Rylee","Yu","1986-05-31","2015-09-29","83990","rylee.yu@gmail.com","Accounting","9289145602","ACTIVE"
"E02160","John","Soto","1990-07-28","2015-09-23","64847","john.soto@gmail.com","Finance","9718130980","RETIRED"
"E02166","Lucas","Thomas","1984-05-03","2000-04-28","93102","lucas.thomas@gmail.com","Accounting","9884274162","ACTIVE"
"E02185","Wyatt","Rojas","1985-02-01","2013-03-20","167199","wyatt.rojas@gmail.com","IT","9200573455","ACTIVE"
"E02206","Jose","Henderson","1982-12-16","2015-04-17","98581","jose.henderson@gmail.com","Human Resources","9544684998","ACTIVE"
"E02216","Miles","Cho","1984-02-04","1999-03-10","66819","caleb.marquez@gmail.com","IT","9168045218","RETIRED"
"E02254","Jaxson","Sandoval","1988-03-18","2017-05-03","92897","jaxson.sandoval@gmail.com","Sales","9581145587","ACTIVE"
"E02283","Jaxon","Park","1980-05-01","2020-07-24","127148","jaxon.park@gmail.com","IT","9064442133","ACTIVE"
"E02331","Sophia","Huynh","1981-04-25","2005-08-09","71531","sophia.huynh@gmail.com","IT","9617597712","ACTIVE"
"E02333","Aubrey","Romero","1980-04-05","1998-04-02","64417","jaxson.wright@gmail.com","Sales","9131801563","ACTIVE"
"E02387","Emily","Davis","1982-10-04","2016-04-08","99975","emily.davis@gmail.com","IT","9594838228","ACTIVE"
"E02464","Sophie","Silva","1986-02-19","2017-07-06","97339","sophie.silva@gmail.com","Engineering","9935756881","RETIRED"
"E02489","Carter","Mejia","1980-03-15","2019-05-09","92610","ethan.clark@gmail.com","Human Resources","9065306370","RETIRED"
"E02572","Luna","Sanders","1987-03-12","2006-10-26","84913","luna.sanders@gmail.com","Finance","9003353866","ACTIVE"
"E02594","Ezekiel","Kumar","1980-11-24","2017-06-25","55499","ezekiel.kumar@gmail.com","IT","9526930464","RETIRED"
"E02639","Brooklyn","Reyes","1986-02-27","2019-12-19","221217","hadley.parker@gmail.com","IT","9670621750","ACTIVE"
"E02706","Nevaeh","Kang","1987-05-17","2021-01-10","70992","nevaeh.kang@gmail.com","Engineering","9459227428","RETIRED"
"E02783","Levi","Mendez","1990-01-26","2011-08-23","80950","levi.mendez@gmail.com","Sales","9336409014","RETIRED"
"E02791","Jose","Kang","1989-12-11","1999-04-25","160832","aubrey.romero@gmail.com","Engineering","9101372588","ACTIVE"
"E02802","Matthew","Chau","1987-07-07","2002-11-16","154941","matthew.chau@gmail.com","Human Resources","9545248187","ACTIVE"
"E02803","Caleb","Marquez","1987-09-28","2019-10-15","50784","eli.soto@gmail.com","IT","9608527554","RETIRED"
"E02832","Penelope","Jordan","1990-08-08","2019-09-27","95409","penelope.jordan@gmail.com","IT","9741721159","ACTIVE"
"E02848","Emma","Brooks","1987-06-28","2016-12-18","190815","emma.brooks@gmail.com","Sales","9082076052","ACTIVE"
"E02850","Evelyn","Dinh","1981-06-18","2018-08-10","201464","evelyn.dinh@gmail.com","Sales","9918810476","ACTIVE"
"E02855","Piper","Cheng","1989-10-21","2009-03-15","64475","piper.cheng@gmail.com","IT","9764258711","ACTIVE"
"E02862","Peyton","Huang","1981-10-07","2021-07-02","66889","peyton.huang@gmail.com","IT","9828989817","ACTIVE"
"E02872","Liam","Jung","1983-12-23","2010-01-14","92771","liam.jung@gmail.com","Finance","9376722512","ACTIVE"
"E02875","Madeline","Shin","1988-10-16","2007-01-09","62575","madeline.shin@gmail.com","IT","9434634848","ACTIVE"
"E02939","Julian","Fong","1989-12-10","2002-11-22","86538","julian.fong@gmail.com","Engineering","9912717650","RETIRED"
"E02942","Daniel","Richardson","1981-07-16","2018-05-20","144754","daniel.richardson@gmail.com","Engineering","9542433742","ACTIVE"
"E02966","William","Foster","1983-06-19","2002-05-23","165927","william.foster@gmail.com","Engineering","9436784387","RETIRED"
"E03025","Lucy","Alexander","1980-05-10","2014-10-29","64057","lucy.alexander@gmail.com","Engineering","9834328067","ACTIVE"
"E03042","Ava","Nelson","1981-05-25","1992-04-01","71864","ava.nelson@gmail.com","IT","9721048002","ACTIVE"
"E03047","Gabriella","Gupta","1980-05-06","2005-02-15","161203","gabriella.gupta@gmail.com","Sales","9276940803","ACTIVE"
"E03061","Vivian","Lewis","1984-04-12","2011-09-07","55859","vivian.lewis@gmail.com","Marketing","9008895010","ACTIVE"
"E03131","Ezekiel","Reed","1989-10-06","2014-02-25","96997","ezekiel.reed@gmail.com","IT","9435332716","ACTIVE"
"E03189","Ethan","Clark","1988-01-22","2017-08-04","123405","asher.jackson@gmail.com","Human Resources","9488514390","RETIRED"
"E03247","Caroline","Jenkins","1982-11-27","2018-05-06","99575","caroline.jenkins@gmail.com","Finance","9725736977","ACTIVE"
"E03269","Charlotte","Chu","1986-12-12","2001-01-23","96567","jeremiah.chu@gmail.com","IT","9429111438","RETIRED"
"E03343","Carson","Lu","1980-05-27","1996-12-04","231141","carson.lu@gmail.com","Engineering","9791110932","RETIRED"
"E03344","Camila","Rogers","1982-06-02","2021-10-21","105086","camila.rogers@gmail.com","Engineering","9014557114","RETIRED"
"E03349","Anna","Mehta","1983-11-17","2020-01-05","76354","anna.mehta@gmail.com","IT","9995302850","RETIRED"
"E03383","Lincoln","Hall","1990-08-16","2020-07-28","48345","lincoln.hall@gmail.com","Accounting","9739711585","RETIRED"
"E03394","Joseph","Ly","1987-12-26","2009-02-28","184368","joseph.ly@gmail.com","Marketing","9217768545","ACTIVE"
"E03417","Benjamin","Moua","1990-03-23","2007-07-02","57008","benjamin.moua@gmail.com","IT","9080815577","RETIRED"
"E03440","Genesis","Navarro","1983-06-28","2009-04-28","76588","genesis.navarro@gmail.com","IT","9140491402","RETIRED"
"E03446","Julian","Ross","1987-01-01","2020-07-02","41673","emma.hill@gmail.com","Marketing","9688392708","ACTIVE"
"E03484","Logan","Rivera","1983-01-21","2002-05-24","49998","logan.rivera@gmail.com","IT","9471169250","ACTIVE"
"E03496","Robert","Yang","1980-08-22","2017-11-04","249270","robert.yang@gmail.com","Accounting","9401702626","ACTIVE"
"E03506","Jaxson","Mai","1984-08-09","2014-03-08","174097","ava.garza@gmail.com","Human Resources","9013530961","ACTIVE"
"E03520","Elias","Ali","1984-10-09","2021-03-19","56154","nolan.pena@gmail.com","Sales","9254744098","ACTIVE"
"E03538","Gabriel","Holmes","1990-04-02","2010-11-04","79921","gabriel.holmes@gmail.com","IT","9367300521","ACTIVE"
"E03549","Mateo","Vu","1986-02-21","2016-09-29","49011","mateo.vu@gmail.com","Sales","9744395450","RETIRED"
"E03560","Asher","Jackson","1980-09-10","2003-03-25","73004","ayla.ng@gmail.com","Sales","9703318327","ACTIVE"
"E03567","Silas","Chavez","1990-02-06","2008-04-15","125936","silas.chavez@gmail.com","IT","9258239397","RETIRED"
"E03574","John","Moore","1988-01-06","2005-11-08","56037","john.moore@gmail.com","IT","9147881239","ACTIVE"
"E03583","Brooks","Marquez","1990-03-07","2019-09-24","174895","brooks.marquez@gmail.com","Sales","9530335974","ACTIVE"
"E03612","Grayson","Cooper","1980-08-03","2013-06-29","91763","grayson.cooper@gmail.com","Finance","9668722847","ACTIVE"
"E03680","Elias","Alvarado","1981-05-17","2012-01-09","151703","elias.alvarado@gmail.com","IT","9674969301","ACTIVE"
"E03717","Joseph","Ruiz","1984-02-25","2002-02-26","86658","joseph.ruiz@gmail.com","Engineering","9046900756","ACTIVE"
"E03719","Jack","Brown","1988-03-09","2004-12-07","97537","charlotte.chu@gmail.com","Marketing","9266523319","RETIRED"
"E03720","Dominic","Clark","1989-04-12","2012-10-17","189420","dominic.clark@gmail.com","Engineering","9005224321","ACTIVE"
"E03737","Kennedy","Rahman","1990-05-28","2003-02-28","249506","kennedy.rahman@gmail.com","Human Resources","9520959761","RETIRED"
"E03749","Kennedy","Foster","1986-10-09","2013-11-23","199808","kennedy.foster@gmail.com","Marketing","9436941591","ACTIVE"
"E03816","Leilani","Chow","1988-07-28","2021-02-23","52310","leilani.chow@gmail.com","Human Resources","9990219345","ACTIVE"
"E03824","Penelope","Coleman","1982-04-07","2021-08-27","80024","penelope.coleman@gmail.com","Finance","9536373792","ACTIVE"
"E03830","Eva","Coleman","1981-11-12","2009-09-20","71476","eva.coleman@gmail.com","IT","9957678018","ACTIVE"
"E03838","Madeline","Walker","1982-06-25","2018-06-13","157333","madeline.walker@gmail.com","Finance","9668062992","RETIRED"
"E03849","Evelyn","Jung","1980-03-03","2021-02-14","240488","evelyn.jung@gmail.com","Sales","9561684719","ACTIVE"
"E03875","Aurora","Simmons","1984-01-26","1995-12-22","113781","aurora.simmons@gmail.com","Engineering","9916904925","ACTIVE"
"E03890","Nevaeh","Jones","1982-10-26","2020-08-20","61773","nevaeh.jones@gmail.com","Sales","9653734977","ACTIVE"
"E03906","Piper","Richardson","1981-09-21","2008-01-27","54415","piper.richardson@gmail.com","Sales","9366911917","ACTIVE"
"E03907","Camila","Watson","1981-06-07","2018-01-02","115798","camila.watson@gmail.com","Finance","9304219253","ACTIVE"
"E03956","Everly","Walker","1989-02-06","1999-08-02","93840","mila.pena@gmail.com","Sales","9001173587","ACTIVE"
"E04000","Skylar","Carrillo","1990-05-24","2008-12-18","236946","skylar.carrillo@gmail.com","Engineering","9388693951","ACTIVE"
"E04105","Theodore","Dinh","1989-07-19","1997-11-29","163099","theodore.dinh@gmail.com","IT","9830364506","ACTIVE"
"E04116","David","Barnes","1986-05-10","2013-11-03","166331","david.barnes@gmail.com","IT","9093837200","ACTIVE"
"E04130","Elias","Figueroa","1980-07-31","2021-12-24","89458","elias.figueroa@gmail.com","Finance","9410148740","ACTIVE"
"E04131","Cora","Rivera","1983-02-16","2021-01-02","103504","cora.rivera@gmail.com","Marketing","9160245553","ACTIVE"
"E04152","Adeline","Huang","1987-09-20","2019-12-16","256420","adeline.huang@gmail.com","Engineering","9922759214","ACTIVE"
"E04207","John","Contreras","1985-10-27","2011-05-15","178700","john.contreras@gmail.com","Marketing","9634775644","ACTIVE"
"E04239","Everleigh","Ng","1987-02-10","2021-06-10","97078","everleigh.ng@gmail.com","Finance","9372943031","ACTIVE"
"E04265","Natalia","Diaz","1988-02-15","2006-10-12","99017","natalia.diaz@gmail.com","Engineering","9085231843","ACTIVE"
"E04267","Greyson","Sanders","1986-01-13","2019-03-06","104903","greyson.sanders@gmail.com","IT","9529939393","ACTIVE"
"E04285","Riley","Padilla","1980-02-14","2013-05-15","82872","riley.padilla@gmail.com","IT","9402643065","ACTIVE"
"E04332","Luke","Martin","1990-06-07","2020-05-16","113527","luke.martin@gmail.com","Finance","9809270569","ACTIVE"
"E04379","Scarlett","Rodriguez","1990-09-01","2007-02-24","94430","scarlett.rodriguez@gmail.com","Finance","9484120944","ACTIVE"
"E04413","Andrew","Thomas","1982-07-12","2016-12-02","166599","andrew.thomas@gmail.com","Engineering","9293533493","ACTIVE"
"E04449","Miles","Hsu","1987-07-09","2014-03-16","82839","miles.hsu@gmail.com","Finance","9242208138","ACTIVE"
"E04458","Alexander","Bryant","1988-08-15","2021-10-02","83639","alexander.bryant@gmail.com","Engineering","9896068334","ACTIVE"
"E04474","Mila","Hong","1983-01-16","2017-05-22","93971","mila.hong@gmail.com","Engineering","9877062317","RETIRED"
"E04504","Jameson","Alvarado","1986-01-28","1999-03-14","242919","jameson.alvarado@gmail.com","IT","9449781697","ACTIVE"
"E04533","Easton","Bailey","1981-12-23","2019-01-25","77203","easton.bailey@gmail.com","Accounting","9934796575","ACTIVE"
"E04545","Abigail","Mejia","1982-05-10","2005-02-05","246231","abigail.mejia@gmail.com","Engineering","9556340285","ACTIVE"
"E04562","Xavier","Zheng","1986-12-31","2017-07-22","95998","xavier.zheng@gmail.com","Sales","9990419112","ACTIVE"
"E04568","Rylee","Yu","1988-03-05","2011-07-10","88072","rylee.yu02@gmail.com","Finance","9937930016","ACTIVE"
"E04600","William","Vu","1982-11-09","2013-11-14","122350","william.vu@gmail.com","Sales","9521726354","ACTIVE"
"E04618","Mason","Zhao","1980-11-28","2021-10-26","197367","jaxson.mai@gmail.com","IT","9181721302","ACTIVE"
"E04625","Adam","Dang","1984-01-25","2002-07-09","146140","adam.dang@gmail.com","Sales","9881284743","ACTIVE"
"E04630","Maria","Griffin","1988-08-06","2007-04-25","102270","alexander.choi@gmail.com","Marketing","9551953785","ACTIVE"
"E04682","Colton","Thao","1989-11-26","1995-11-16","149712","colton.thao@gmail.com","Human Resources","9126985669","RETIRED"
"E04732","Eva","Rivera","1984-03-08","2021-04-02","172787","eva.rivera@gmail.com","Sales","9860987014","ACTIVE"
"E04735","Nova","Coleman","1980-09-19","2006-12-13","171173","nova.coleman@gmail.com","IT","9272323919","ACTIVE"
"E04769","Mila","Leung","1981-03-01","2007-11-05","53809","mila.leung@gmail.com","Marketing","9556569194","ACTIVE"
"E04798","Aurora","Ali","1982-04-13","2016-04-24","208415","aurora.ali@gmail.com","Marketing","9000006630","RETIRED"
"E04888","Elijah","Henry","1985-05-29","2014-01-03","190253","elijah.henry@gmail.com","IT","9101120503","ACTIVE"
"E04903","Skylar","Liu","1980-10-08","2020-08-09","74738","skylar.liu@gmail.com","IT","9298130590","ACTIVE"
"E04917","Everleigh","Washington","1982-07-10","2001-10-20","68728","everleigh.washington@gmail.com","Human Resources","9864205511","ACTIVE"
"E04931","Zoe","Romero","1986-08-12","2021-10-05","67925","zoe.romero@gmail.com","IT","9940904284","ACTIVE"
"E04959","Noah","King","1984-12-06","2015-01-27","199041","noah.king@gmail.com","Engineering","9944489327","ACTIVE"
"F21129","Hadley","Parker","1989-01-09","2016-09-21","221217","hadleyparker22@gmail.com","Marketing","9011597483","ACTIVE"
